code_commune,nom_commune,code_postal_principal,ville_suivie
34005,Agonès,34190,false
34053,Carlencas-et-Levas,34600,false
34060,Causse-de-la-Selle,34380,false
34062,Caussiniojouls,34600,false
34074,Cessenon-sur-Orb,34460,false
34077,Clapiers,34830,false
34084,Corneilhan,34490,false
34118,Guzargues,34820,false
34138,Lieuran-Cabrières,34800,false
34158,Minerve,34210,false
34161,Montady,34310,false
34182,Nézignan-l'Évêque,34120,false
34225,Puisserguier,34620,false
34229,Riols,34220,false
34239,Saint-André-de-Sangonis,34725,false
34245,Saint-Chinian,34360,false
34257,Saint-Geniès-de-Varensal,34610,false
34287,Saint-Saturnin-de-Lucian,34725,false
34305,Le Soulié,34330,false
34311,Tourbes,34120,false
34019,Avène,34260,false
34032,Béziers,34500,true
34069,Cazouls-lès-Béziers,34370,false
34090,Le Crès,34920,false
34100,Ferrières-Poussarou,34360,false
34109,Gabian,34320,false
34115,Gorniès,34190,false
34119,Hérépian,34600,false
34143,Loupian,34140,false
34154,Mauguio,34130,false
34160,Mons,34390,false
34175,Mourèze,34800,false
34179,Murviel-lès-Montpellier,34570,false
34248,Sainte-Croix-de-Quintillargues,34270,false
34258,Saint-Geniès-de-Fontedit,34480,false
34288,Saint-Sériès,34400,false
34300,Servian,34290,false
34307,Sussargues,34160,false
34320,Vailhauquès,34570,false
34326,Vélieux,34220,false
34336,Villeneuve-lès-Béziers,34420,false
34338,Villeneuvette,34800,false
34339,Villespassans,34360,false
34021,Babeau-Bouldoux,34360,false
34052,Capestang,34310,false
34059,La Caunette,34210,false
34087,Cournonsec,34660,false
34102,Fontanès,34270,false
34123,Juvignac,34990,false
34127,Lansargues,34130,false
34181,Neffiès,34320,false
34185,Notre-Dame-de-Londres,34380,false
34193,Pardailhan,34360,false
34198,Pérols,34470,false
34203,Pinet,34850,false
34209,Portiragnes,34420,false
34213,Poussan,34560,false
34260,Saint-Gervais-sur-Mare,34610,false
34290,Saint-Vincent-de-Barbeyrargues,34730,false
34309,Teyran,34820,false
34314,Le Triadou,34270,false
34328,Vendémian,34230,false
34004,Agel,34210,false
34023,Balaruc-les-Bains,34540,false
34031,Bessan,34550,false
34039,Bouzigues,34140,false
34041,Brignac,34800,false
34070,Cébazan,34360,false
34097,Félines-Minervois,34210,false
34101,Florensac,34510,false
34106,Fozières,34700,false
34121,Joncels,34650,false
34126,Lamalou-les-Bains,34240,false
34130,Laurens,34480,false
34133,Lavalette,34700,false
34159,Mireval,34110,false
34188,Olmet-et-Villecun,34700,false
34207,Pomérols,34810,false
34210,Le Pouget,34230,false
34230,Les Rives,34520,false
34241,Saint-Bauzille-de-la-Sylve,34230,false
34247,Saint-Clément-de-Rivière,34980,false
34255,Saint-Gély-du-Fesc,34980,false
34295,Saussan,34570,false
34298,Sauvian,34410,false
34335,Villemagne-l'Argentière,34600,false
34055,Castanet-le-Haut,34610,false
34088,Cournonterral,34660,false
34095,Fabrègues,34690,false
34098,Ferrals-les-Montagnes,34210,false
34116,Grabels,34790,false
34141,La Livinière,34210,false
34156,Mérifons,34800,false
34163,Montarnaud,34570,false
34164,Montaud,34160,false
34192,Palavas-les-Flots,34250,false
34195,Pégairolles-de-Buèges,34380,false
34211,Le Poujol-sur-Orb,34600,false
34221,Puéchabon,34150,false
34224,Puissalicon,34480,false
34236,Rouet,34380,false
34244,Saint-Brès,34670,false
34265,Saint-Jean-de-Cornies,34160,false
34289,Saint-Thibéry,34630,false
34303,Sorbs,34520,false
34306,Soumont,34700,false
34322,Valflaunès,34270,false
34027,Beaulieu,34160,false
34073,Cers,34420,false
34104,Fos,34320,false
34137,Liausson,34800,false
34140,Lignan-sur-Orb,34490,false
34148,Maraussan,34370,false
34170,Montouliers,34310,false
34201,Pierrerue,34360,false
34249,Saint-Drézéry,34160,false
34256,Saint-Geniès-des-Mourgues,34160,false
34282,Saint-Paul-et-Valmalle,34570,false
34285,Saint-Pons-de-Mauchiens,34230,false
34297,Sauteyrargues,34270,false
34325,Valros,34290,false
34002,Adissan,34230,false
34014,Assas,34820,false
34018,Autignac,34480,false
34029,Bélarga,34230,false
34035,La Boissière,34150,false
34036,Le Bosc,34700,false
34043,Buzignargues,34160,false
34047,Campagnan,34230,false
34050,Candillargues,34130,false
34056,Castelnau-de-Guers,34120,false
34092,Cruzy,34310,false
34146,Lunel-Viel,34400,false
34165,Montbazin,34560,false
34167,Montels,34310,false
34172,Montpellier,34070,true
34173,Montpeyroux,34150,false
34178,Murviel-lès-Béziers,34490,false
34190,Oupia,34210,false
34253,Saint-Félix-de-l'Héras,34520,false
34261,Saint-Guilhem-le-Désert,34150,false
34271,Saint-Julien,34390,false
34274,Saint-Martin-de-Londres,34380,false
34292,Salasc,34800,false
34293,La Salvetat-sur-Agout,34330,false
34318,Vacquières,34270,false
34334,Vieussan,34390,false
34337,Villeneuve-lès-Maguelone,34750,false
34341,Villeveyrac,34560,false
34342,Viols-en-Laval,34380,false
34022,Baillargues,34670,false
34026,Beaufort,34210,false
34028,Bédarieux,34600,false
34065,Cazedarnes,34460,false
34079,Clermont-l'Hérault,34800,false
34082,Combaillaux,34980,false
34083,Combes,34240,false
34114,Gignac,34150,false
34151,Marsillargues,34590,false
34197,Péret,34800,false
34200,Pézènes-les-Mines,34600,false
34204,Plaissan,34230,false
34205,Les Plans,34700,false
34252,Saint-Étienne-Estréchoux,34260,false
34269,Saint-Jean-de-Minervois,34360,false
34270,Saint-Jean-de-Védas,34430,false
34304,Soubès,34700,false
34316,Usclas-du-Bosc,34700,false
34003,Agde,34300,false
34015,Assignan,34360,false
34030,Berlou,34360,false
34037,Boujan-sur-Libron,34760,false
34044,Cabrerolles,34480,false
34058,Castries,34160,false
34105,Fouzilhon,34480,false
34107,Fraisse-sur-Agout,34330,false
34171,Montoulieu,34190,false
34174,Moulès-et-Baucels,34190,false
34176,Mudaison,34130,false
34180,Nébian,34800,false
34187,Olargues,34390,false
34234,Roquessels,34320,false
34254,Saint-Félix-de-Lodez,34725,false
34268,Saint-Jean-de-la-Blaquière,34700,false
34317,La Vacquerie-et-Saint-Martin-de-Castries,34520,false
34333,Vic-la-Gardiole,34110,false
34340,Villetelle,34400,false
34006,Aigne,34210,false
34009,Alignan-du-Vent,34290,false
34024,Balaruc-le-Vieux,34540,false
34033,Boisseron,34160,false
34034,Boisset,34220,false
34051,Canet,34800,false
34054,Cassagnoles,34210,false
34093,Dio-et-Valquières,34650,false
34099,Ferrières-les-Verreries,34190,false
34177,Murles,34980,false
34184,Nizas,34320,false
34186,Octon,34800,false
34189,Olonzac,34210,false
34191,Pailhès,34490,false
34202,Pignan,34570,false
34228,Rieussec,34220,false
34235,Rosis,34610,false
34242,Saint-Bauzille-de-Montmel,34160,false
34250,Saint-Étienne-d'Albagnan,34390,false
34283,Saint-Pierre-de-la-Fage,34520,false
34286,Saint-Privat,34700,false
34296,Saussines,34160,false
34312,La Tour-sur-Orb,34260,false
34327,Vendargues,34740,false
34343,Viols-le-Fort,34380,false
34011,Arboras,34150,false
34013,Aspiran,34800,false
34061,Causses-et-Veyran,34490,false
34066,Cazevieille,34270,false
34081,Colombiers,34440,false
34094,Espondeilhan,34290,false
34096,Faugères,34600,false
34103,Fontès,34320,false
34120,Jacou,34830,false
34122,Jonquières,34725,false
34150,Marseillan,34340,false
34168,Montesquieu,34320,false
34169,Montferrier-sur-Lez,34980,false
34196,Pégairolles-de-l'Escalette,34700,false
34208,Popian,34230,false
34222,Puilacher,34230,false
34246,Entre-Vignes,34400,false
34251,Saint-Étienne-de-Gourgas,34700,false
34284,Saint-Pons-de-Thomières,34220,false
34291,Saint-Vincent-d'Olargues,34390,false
34294,Saturargues,34400,false
34308,Taussac-la-Billière,34600,false
34323,Valmascle,34800,false
34332,Vias,34450,false
34012,Argelliers,34380,false
34017,Aumes,34530,false
34063,Caux,34720,false
34067,Cazilhac,34190,false
34068,Cazouls-d'Hérault,34120,false
34072,Celles,34700,false
34076,Ceyras,34800,false
34080,Colombières-sur-Orb,34390,false
34110,Galargues,34160,false
34125,Lagamas,34150,false
34129,Lattes,34970,false
34136,Lézignan-la-Cèbe,34120,false
34149,Margon,34320,false
34155,Maureilhan,34370,false
34166,Montblanc,34290,false
34216,Le Pradal,34600,false
34219,Prémian,34390,false
34231,Romiguières,34650,false
34262,Saint-Guiraud,34725,false
34272,Saint-Just,34400,false
34276,Saint-Mathieu-de-Tréviers,34270,false
34299,Sérignan,34410,false
34301,Sète,34200,true
34324,Valras-Plage,34350,false
34331,Verreries-de-Moussans,34220,false
34001,Abeilhan,34290,false
34010,Aniane,34150,false
34020,Azillanet,34210,false
34038,Le Bousquet-d'Orb,34260,false
34042,Brissac,34190,false
34048,Campagne,34160,false
34049,Camplong,34260,false
34071,Ceilhes-et-Rocozels,34260,false
34091,Le Cros,34520,false
34124,Lacoste,34800,false
34132,Lauroux,34700,false
34145,Lunel,34400,false
34162,Montagnac,34530,false
34194,Paulhan,34230,false
34199,Pézenas,34120,false
34206,Poilhes,34310,false
34227,Restinclières,34160,false
34238,Saint-André-de-Buèges,34190,false
34267,Saint-Jean-de-Fos,34150,false
34273,Saint-Martin-de-l'Arçon,34390,false
34279,Saint-Nazaire-de-Ladarez,34490,false
34302,Siran,34210,false
34313,Tressan,34230,false
34315,Usclas-d'Hérault,34230,false
34329,Vendres,34350,false
34008,Les Aires,34600,false
34025,Bassan,34290,false
34045,Cabrières,34800,false
34046,Cambon-et-Salvergues,34330,false
34085,Coulobres,34290,false
34086,Courniou,34220,false
34111,Ganges,34190,false
34128,Laroque,34190,false
34147,Magalas,34480,false
34212,Poujols,34700,false
34215,Pouzols,34230,false
34217,Prades-le-Lez,34730,false
34220,Le Puech,34700,false
34223,Puimisson,34480,false
34237,Roujan,34320,false
34259,Saint-Georges-d'Orques,34680,false
34278,Saint-Michel,34520,false
34321,Valergues,34130,false
34007,Aigues-Vives,34210,false
34016,Aumelas,34230,false
34089,Creissan,34370,false
34108,Frontignan,34110,false
34112,Garrigues,34160,false
34113,Gigean,34770,false
34134,Lavérune,34880,false
34135,Lespignan,34710,false
34214,Pouzolles,34480,false
34218,Prades-sur-Vernazobre,34360,false
34232,Roquebrun,34460,false
34243,Saint-Bauzille-de-Putois,34190,false
34263,Saint-Hilaire-de-Beauvoir,34160,false
34264,Saint-Jean-de-Buèges,34380,false
34310,Thézan-lès-Béziers,34490,false
34319,Vailhan,34320,false
34344,La Grande-Motte,34280,false
34040,Brenas,34650,false
34057,Castelnau-le-Lez,34170,false
34064,Le Caylar,34520,false
34075,Cesseras,34210,false
34078,Claret,34270,false
34117,Graissessac,34260,false
34131,Lauret,34270,false
34139,Lieuran-lès-Béziers,34290,false
34142,Lodève,34700,false
34144,Lunas,34650,false
34152,Mas-de-Londres,34380,false
34153,Les Matelles,34270,false
34157,Mèze,34140,false
34183,Nissan-lez-Enserune,34440,false
34226,Quarante,34310,false
34233,Roqueredonde,34650,false
34240,Saint-Aunès,34130,false
34266,Saint-Jean-de-Cuculles,34270,false
34277,Saint-Maurice-Navacelles,34520,false
34280,Saint-Nazaire-de-Pézan,34400,false
34281,Saint-Pargoire,34230,false
